Workbook

Sheet Controles MCU5
A1: Función MCU 5.0 | B1: Resultado/Control esperado | C1: Aplica (Sí/No/N.A.) | D1: Justificación si N.A. | E1: Evidencia necesaria | F1: Cómo se demuestra en la auditoría | G1: Estado al 07/10/2026 | H1: Evidencia en el repo / brecha
A2: Gobernar | B2: Política de ciberseguridad aprobada y comunicada | C2: Sí | E2: Política firmada | F2: Presentar la política aprobada con fecha y firma de la Dirección | G2: Parcial | H2: docs/01-politica-seguridad.md (borrador 07/10). Falta aprobación de la Dirección (simulada).
A3: Gobernar | B3: Estrategia de ciberseguridad alineada al negocio | C3: Sí | E3: Estrategia/plan anual | F3: Mostrar el plan anual y su presentación a la Dirección | G3: Parcial | H3: docs/40-consigna-propia.md: procesos y datos críticos de FinSegura → stack que los protege. Falta plan anual.
A4: Gobernar | B4: Roles y responsabilidades claros (RSI, comité, dueños) | C4: Sí | E4: Matriz RACI / organigrama | F4: Desplegar la matriz RACI con responsables por proceso | G4: Parcial | H4: docs/excel/03-matriz-raci-mcu5.xlsx (16 procesos). Asignación de roles del equipo a confirmar.
A5: Gobernar | B5: Programa de gestión de riesgo institucional | C5: Sí | E5: Análisis de riesgos | F5: Presentar matriz de riesgos con tratamiento y riesgo residual aceptado | G5: Parcial | H5: docs/03-analisis-riesgos.md (borrador 07/10).
A6: Gobernar | B6: Gestión de cadena de suministro y terceros | C6: Sí | E6: Análisis de dependencias | F6: Listar servidores/proveedores y su evaluación | G6: Parcial | H6: Terceros = imágenes Docker públicas, GitHub, boxes de Vagrant (docs/01 §5). Brecha: 4 imágenes en :latest (suricata, mailserver, cowrie, DVWA) → fijar versión.
A7: Gobernar | B7: Marco de cumplimiento (MCU5, BCU, ISO, COBIT, URCDP) | C7: Sí | E7: SoA + brecha MCU | F7: Mostrar la SoA y la brecha por función con perfil Avanzado | G7: Parcial | H7: docs/11-soa-plan-tratamiento.md (93 controles ISO: 68 aplican, 25 N.A.). Este Excel es la base de la brecha MCU.
A8: Gobernar | B8: Presupuesto y recursos de seguridad | C8: Sí | E8: Plan de inversión | F8: Presentar carta con dotación de recursos | G8: Parcial | H8: Dotación técnica documentada: infra/README.md (presupuesto de RAM por stack, ~8-9 GB) y vagrant/ (16 GB). Presupuesto monetario: no aplica a un laboratorio académico.
A9: Gobernar | B9: Revisión periódica de gobierno por la Dirección | C9: Sí | E9: Actas de comité | F9: Mostrar actas de reuniones de seguimiento | G9: Parcial | H9: brain/decisions.md: decisiones fechadas con motivo y alternativas (funciona como actas del equipo). Actas formales: pendientes.
A10: Identificar | B10: Inventario de activos de información | C10: Sí | E10: Registro de activos (Excel MCU) | F10: Desplegar el Excel de activos completo y actualizado | G10: Implementado | H10: docs/excel/02-registro-activos-mcu5.xlsx: A01-A22 (hosts, servicios, datos, consolas, VLANs).
A11: Identificar | B11: Propietarios de activos y clasificación | C11: Sí | E11: Registro de activos | F11: Mostrar que cada activo tiene dueño y clasificación | G11: Parcial | H11: excel/02 columnas Dueño / Clasificación / Criticidad. Propuesta a revisar entre los dos.
A12: Identificar | B12: Análisis de impacto en el negocio (BIA) | C12: Sí | E12: Matriz de criticidad | F12: Presentar procesos críticos y activos que los soportan | G12: Parcial | H12: Procesos críticos (docs/40 §1) + criticidad por activo (excel/02). BIA formal con RTO/RPO: docs/06 (pendiente).
A13: Identificar | B13: Evaluación de riesgos de ciberseguridad | C13: Sí | E13: Análisis de riesgos | F13: Presentar matriz 5x5 con tratamiento del riesgo | G13: Parcial | H13: docs/03-analisis-riesgos.md: matriz 5x5 con tratamiento (borrador 07/10).
... A18: Proteger | B18: Gestión de identidades y credenciales | C18: Sí | E18: Configuración IAM | F18: Demostrar alta/baja de usuarios y políticas de credenciales | G18: Pendiente | H18: Keycloak (A12) corre con certificados TLS propios (infra/identity/certs/, commit 40364c8) pero todavía sin realm ni usuarios. docs/09-gestion-accesos.md define la política.
A19: Proteger | B19: Autenticación multifactor (TOTP/WebAuthn/Hello) | C19: Sí | D19: Windows Hello: N.A. — no hay endpoints Windows con TPM en el laboratorio (todo es Linux/contenedores); WebAuthn cubre la clase FIDO2. TOTP y WebAuthn sí aplican. | E19: Config. + capturas | F19: Registrar login con 2 factores en vivo | G19: Pendiente | H19: RF-12. MFA en Keycloak sin configurar (TLS de base lista). Dashboard de Wazuh hoy sin login (A08): brecha.
A20: Proteger | B20: Revisión de privilegios (mínimo privilegio) | C20: Sí | E20: Matriz de accesos | F20: Mostrar revisión periódica de privilegios | G20: Parcial | H20: Segmentación por VLAN (Gestión aislada) + RACI. Brechas: credenciales por defecto en .env.example, dashboard sin login. Revisión periódica: pendiente.
A21: Proteger | B21: Protección de datos (cifrado en reposo y en tránsito) | C21: Sí | E21: Cifrado de BD y TLS | F21: Demostrar cifrado de bóveda/BD y TLS 1.2+ | G21: Parcial | H21: TLS: mail (autofirmado) + Keycloak (certs propios, commit 40364c8). Indexer sin TLS interno (plugin de seguridad desactivado), bases sin cifrado en reposo. Tratar o justificar en docs/03.
A22: Proteger | B22: Respaldos y prueba de restauración | C22: Sí | E22: Registro de backup | F22: Restaurar un respaldo en vivo ante la auditoría | G22: Pendiente | H22: RF-13. El repo + vagrant/ reconstruyen la configuración desde cero, pero no hay backup de datos (índices, bases) ni prueba de restauración.
A23: Proteger | B23: Capacitación y concientización del personal | C23: N.A. | D23: Empresa ficticia sin personal real: no hay asistencia que registrar. El plan se enuncia en docs/01 §6. A confirmar con el docente. | E23: Plan de capacitación | F23: Presentar plan y registro de asistencia | G23: N.A. | H23: docs/01-politica-seguridad.md §6.
A24: Proteger | B24: Configuración segura de sistemas | C24: Sí | E24: Config. endurecida | F24: Mostrar hardening por checklist | G24: Parcial | H24: IP fijas, servicios mínimos por contenedor, segmentación. Brechas: contraseñas por defecto, dashboard sin login, indexer sin seguridad. Checklist de hardening: pendiente.
A25: Proteger | B25: Mantenimiento y parcheo | C25: Sí | E25: Historial de parches | F25: Mostrar aplicaciones de parches en el período | G25: Parcial | H25: Versiones fijadas en Wazuh 4.9.0, Keycloak 26.0, MySQL 8.0, Postgres 16. Brecha: 4 imágenes en :latest. Historial de parches: pendiente.
A26: Proteger | B26: Protección de endpoints (HIDS/antivirus/EDR) | C26: Sí | E26: Agentes activos | F26: Mostrar agentes HIDS conectados al SIEM | G26: Implementado | H26: Agentes Wazuh verificados en target-ssh-client (CU-02, 11/10) y target-webapp (CU-03, 11/10). Evidencia en docs/evidencias/CU-02 y CU-03_INC-2026-003.
A27: Proteger | B27: Protección de la red (firewalls, segmentación, IDS/IPS) | C27: Sí | E27: Diagrama + reglas | F27: Presentar reglas de firewall y segmentación en vivo | G27: Implementado | H27: Router + 4 VLANs con reglas entre dominios (docs/00, docs/40 §2) + Suricata en modo IDS. CU-01 detectado (INC-2026-001). Sin IPS inline ni mirror de tráfico.
A28: Proteger | B28: Gestión de vulnerabilidades técnicas | C28: Sí | E28: Escaneos + cierre | F28: Mostrar escaneos y resolución con plazos | G28: Pendiente | H28: docs/10 (pendiente).
A29: Proteger | B29: Seguridad en el ciclo de desarrollo (SAST) | C29: Sí | E29: Informe SAST | F29: Mostrar informe de semgrep/bandit sin hallazgos críticos | G29: Pendiente | H29: No hay código de aplicación propio (DVWA es vulnerable a propósito, fuera de alcance). Aplica a scripts y compose del repo: correr semgrep + gitleaks (pendiente).
A30: Detectar | B30: Monitoreo continuo de la red (NIDS) | C30: Sí | E30: Reglas Suricata/Zeek | F30: Mostrar eventos de red capturados recientemente | G30: Implementado | H30: Suricata (A09), eve.json → Wazuh. CU-01 visible en el dashboard (05/10). Brecha: solo ve tráfico dirigido a su IP.
A31: Detectar | B31: Monitoreo de hosts (HIDS/FIM) | C31: Sí | E31: Alertas Wazuh | F31: Mostrar monitoreo de integridad de archivos | G31: Implementado | H31: FIM verificado sobre /var/www/html de target-webapp (CU-03, 11/10): detecta alta de archivo PHP y dispara regla local 100200. Evidencia en docs/evidencias/CU-03_INC-2026-003.
A32: Detectar | B32: Correlación de eventos (SIEM) | C32: Sí | E32: Dashboards SIEM | F32: Presentar dashboard con eventos correlacionados | G32: Parcial | H32: Wazuh recibe Suricata (verificado) y Cowrie (sin verificar); regla local 100100. Correlación multi-fuente de un mismo ataque (RF-05): no demostrada.
A33: Detectar | B33: Firmas y reglas de detección actualizadas | C33: Sí | E33: Versión de firmas | F33: Mostrar fecha de actualización de firmas | G33: Parcial | H33: Solo 5 reglas propias (infra/nids/rules/local.rules). No se carga ningún ruleset público (ej. Emerging Threats con suricata-update): brecha frente a RF-03.
A34: Detectar | B34: Pruebas de detección (ejercicios púrpura/red team) | C34: Sí | E34: Evidencia de simulación | F34: Presentar al menos un ataque simulado detectado | G34: Implementado | H34: CU-01, CU-02 y CU-03 ejecutados y verificados de punta a punta (deteccion -> respuesta -> notificacion), con evidencia en docs/evidencias/. Red Team: 28/10-09/11.
A35: Detectar | B35: Detección de anomalías de comportamiento | C35: Sí | E35: Regla de anomalía | F35: Mostrar una regla de comportamiento y su alerta | G35: Implementado | H35: Reglas de umbral por origen: 1000001 (≥20 SYN en 10 s) y 1000005 (≥10 ICMP en 5 s); dispararon en CU-01.
... A48: Recuperar | B48: Mejora continua post-recuperación | C48: Sí | E48: Acciones de mejora | F48: Presentar mejoras aplicadas tras las simulaciones | G48: Parcial | H48: brain/decisions.md y LEARNINGS.md. Sin simulación de recuperación todavía.

Sheet Resumen
A1: Función | B1: Controles | C1: Implementado | D1: Parcial | E1: Pendiente | F1: N.A. | G1: % implementado (sin N.A.)
A2: Gobernar | B2: =COUNTIF('Controles MCU5'!$A$2:$A$48,A2) | C2: =COUNTIFS('Controles MCU5'!$A$2:$A$48,$A2,'Controles MCU5'!$G$2:$G$48,"Implementado") | D2: =COUNTIFS('Controles MCU5'!$A$2:$A$48,$A2,'Controles MCU5'!$G$2:$G$48,"Parcial") | E2: =COUNTIFS('Controles MCU5'!$A$2:$A$48,$A2,'Controles MCU5'!$G$2:$G$48,"Pendiente") | F2: =COUNTIFS('Controles MCU5'!$A$2:$A$48,$A2,'Controles MCU5'!$G$2:$G$48,"N.A.") | G2: =IF(B2-F2=0,0,C2/(B2-F2))
A3: Identificar | B3: =COUNTIF('Controles MCU5'!$A$2:$A$48,A3) | C3: =COUNTIFS('Controles MCU5'!$A$2:$A$48,$A3,'Controles MCU5'!$G$2:$G$48,"Implementado") | D3: =COUNTIFS('Controles MCU5'!$A$2:$A$48,$A3,'Controles MCU5'!$G$2:$G$48,"Parcial") | E3: =COUNTIFS('Controles MCU5'!$A$2:$A$48,$A3,'Controles MCU5'!$G$2:$G$48,"Pendiente") | F3: =COUNTIFS('Controles MCU5'!$A$2:$A$48,$A3,'Controles MCU5'!$G$2:$G$48,"N.A.") | G3: =IF(B3-F3=0,0,C3/(B3-F3))
A4: Proteger | B4: =COUNTIF('Controles MCU5'!$A$2:$A$48,A4) | C4: =COUNTIFS('Controles MCU5'!$A$2:$A$48,$A4,'Controles MCU5'!$G$2:$G$48,"Implementado") | D4: =COUNTIFS('Controles MCU5'!$A$2:$A$48,$A4,'Controles MCU5'!$G$2:$G$48,"Parcial") | E4: =COUNTIFS('Controles MCU5'!$A$2:$A$48,$A4,'Controles MCU5'!$G$2:$G$48,"Pendiente") | F4: =COUNTIFS('Controles MCU5'!$A$2:$A$48,$A4,'Controles MCU5'!$G$2:$G$48,"N.A.") | G4: =IF(B4-F4=0,0,C4/(B4-F4))
A5: Detectar | B5: =COUNTIF('Controles MCU5'!$A$2:$A$48,A5) | C5: =COUNTIFS('Controles MCU5'!$A$2:$A$48,$A5,'Controles MCU5'!$G$2:$G$48,"Implementado") | D5: =COUNTIFS('Controles MCU5'!$A$2:$A$48,$A5,'Controles MCU5'!$G$2:$G$48,"Parcial") | E5: =COUNTIFS('Controles MCU5'!$A$2:$A$48,$A5,'Controles MCU5'!$G$2:$G$48,"Pendiente") | F5: =COUNTIFS('Controles MCU5'!$A$2:$A$48,$A5,'Controles MCU5'!$G$2:$G$48,"N.A.") | G5: =IF(B5-F5=0,0,C5/(B5-F5))
A6: Responder | B6: =COUNTIF('Controles MCU5'!$A$2:$A$48,A6) | C6: =COUNTIFS('Controles MCU5'!$A$2:$A$48,$A6,'Controles MCU5'!$G$2:$G$48,"Implementado") | D6: =COUNTIFS('Controles MCU5'!$A$2:$A$48,$A6,'Controles MCU5'!$G$2:$G$48,"Parcial") | E6: =COUNTIFS('Controles MCU5'!$A$2:$A$48,$A6,'Controles MCU5'!$G$2:$G$48,"Pendiente") | F6: =COUNTIFS('Controles MCU5'!$A$2:$A$48,$A6,'Controles MCU5'!$G$2:$G$48,"N.A.") | G6: =IF(B6-F6=0,0,C6/(B6-F6))
A7: Recuperar | B7: =COUNTIF('Controles MCU5'!$A$2:$A$48,A7) | C7: =COUNTIFS('Controles MCU5'!$A$2:$A$48,$A7,'Controles MCU5'!$G$2:$G$48,"Implementado") | D7: =COUNTIFS('Controles MCU5'!$A$2:$A$48,$A7,'Controles MCU5'!$G$2:$G$48,"Parcial") | E7: =COUNTIFS('Controles MCU5'!$A$2:$A$48,$A7,'Controles MCU5'!$G$2:$G$48,"Pendiente") | F7: =COUNTIFS('Controles MCU5'!$A$2:$A$48,$A7,'Controles MCU5'!$G$2:$G$48,"N.A.") | G7: =IF(B7-F7=0,0,C7/(B7-F7))
A8: Total | B8: =SUM(B2:B7) | C8: =SUM(C2:C7) | D8: =SUM(D2:D7) | E8: =SUM(E2:E7) | F8: =SUM(F2:F7) | G8: =IF(B8-F8=0,0,C8/(B8-F8))
A10: Fuente: columna "Estado al 07/10/2026" de la hoja Controles MCU5. "Aplica" (col. C) indica si el control corresponde; el estado indica cuánto está implementado.
